
/* M_BLOOD_TYPE_DATAS sql data*/
INSERT INTO `meets2`.`M_BLOOD_TYPE_DATAS` (`ID` ,`NAME`)VALUES(NULL ,  'A型'), (NULL ,  'B型'),(NULL ,  'AB型'), (NULL ,  'O型');

/* M_HAPPY_EPISODE_DATAS sql data*/
INSERT INTO  `meets2`.`M_HAPPY_EPISODE_DATAS` (`ID` ,`NAME` ,`SEX` ,`EPISODE` ,`CREATED_AT` ,`MODIFIED`)VALUES (NULL ,  'testくん',  '0',  '幸せをゲットしました',  '2013-02-28 11:11:45',  '2013-02-28 11:11:51'), (NULL ,  'testさん',  '1',  '彼氏ができました',  '2013-02-28 11:12:31',  '2013-02-28 11:12:33'), (NULL ,  'test2号くん',  '0',  'このサイトを利用してよかったです',  now(),  now()), (NULL ,  'test2号さん',  '1',  'このサイトを利用してよかったです',  now(),  now()), (NULL ,  'test2号さん',  '1',  'このサイトを利用してよかったです',  now(),  now());

/* M_INCOME_DATAS sql data*/
INSERT INTO `meets2`.`M_INCOME_DATAS` (`ID` ,`NAME`)VALUES(NULL ,  '200万円未満'), (NULL ,  '200～299万円'),(NULL ,  '300～399万円'), (NULL ,  '400～499万円'), (NULL ,  '500～599万円'), (NULL ,  '600～699万円'), (NULL ,  '700～799万円'), (NULL ,  '800～899万円'), (NULL ,  '900～999万円'), (NULL ,  '1000万円以上');

/* M_SEX_DATAS sql data*/
INSERT INTO  `meets2`.`M_SEX_DATAS` (`ID` ,`NAME`)VALUES (NULL ,  '男'), (NULL ,  '女');

/* M_TALL_DATAS sql data*/
INSERT INTO `meets2`.`M_TALL_DATAS` (`ID`, `NAME`) VALUES(NULL, '140cm未満'),(NULL, '140～144cm'),(NULL, '145～149cm'),(NULL, '150～154cm'),(NULL, '155～159cm'),(NULL, '160～164cm'),(NULL, '165～169cm'),(NULL, '170～174cm'),(NULL, '175～179cm'),(NULL, '180～184cm'),(NULL, '185～189cm'),(NULL, '190～194cm'),(NULL, '195～199cm'),(NULL, '200cm以上');

/* M_WIDE_AREA_DATAS sql data*/
INSERT INTO `M_WIDE_AREA_DATAS` (`ID`, `NAME`) VALUES(1, '北海道'),(2, '青森県'),(3, '岩手県'),(4, '宮城県'),(5, '秋田県'),(6, '山形県'),(7, '福島県'),(8, '茨城県'),(9, '栃木県'),(10, '群馬県'),(11, '埼玉県'),(12, '千葉県'),(13, '東京都'),(14, '神奈川県'),(15, '新潟県'),(16, '富山県'),(17, '石川県'),(18, '福井県'),(19, '山梨県'),(20, '長野県'),(21, '岐阜県'),(22, '静岡県'),(23, '愛知県'),(24, '三重県'),(25, '滋賀県'),(26, '京都府'),(27, '大阪府'),(28, '兵庫県'),(29, '奈良県'),(30, '和歌山県'),(31, '鳥取県'),(32, '島根県'),(33, '岡山県'),(34, '広島県'),(35, '山口県'),(36, '徳島県'),(37, '香川県'),(38, '愛媛県'),(39, '高知県'),(40, '福岡県'),(41, '佐賀県'),(42, '長崎県'),(43, '熊本県'),(44, '大分県'),(45, '宮崎県'),(46, '鹿児島県'),(47, '沖縄県');

/* M_NARROW_AREA_DATAS sql data*/
INSERT INTO `M_NARROW_AREA_DATAS` (`ID`,`M_WIDE_AREA_DATA_ID`, `NAME`) VALUES
(NULL,1, '札幌市'),
(NULL,1, '函館市'),
(NULL,1, '小樽市'),
(NULL,1, '旭川市'),
(NULL,1, '室蘭市'),
(NULL,1, '釧路市'),
(NULL,1, '帯広市'),
(NULL,1, '北見市'),
(NULL,1, '夕張市'),
(NULL,1, '岩見沢市'),
(NULL,1, '網走市'),
(NULL,1, '留萌市'),
(NULL,1, '苫小牧市'),
(NULL,1, '稚内市'),
(NULL,1, '美唄市'),
(NULL,1, '芦別市'),
(NULL,1, '江別市'),
(NULL,1, '赤平市'),
(NULL,1, '紋別市'),
(NULL,1, '士別市'),
(NULL,1, '名寄市'),
(NULL,1, '三笠市'),
(NULL,1, '根室市'),
(NULL,1, '千歳市'),
(NULL,1, '滝川市'),
(NULL,1, '砂川市'),
(NULL,1, '歌志内市'),
(NULL,1, '深川市'),
(NULL,1, '富良野市'),
(NULL,1, '登別市'),
(NULL,1, '恵庭市'),
(NULL,1, '伊達市'),
(NULL,1, '北広島市'),
(NULL,1, '石狩市'),
(NULL,1, '北斗市'),
(NULL,1, '石狩郡'),
(NULL,1, '松前郡'),
(NULL,1, '上磯郡'),
(NULL,1, '亀田郡'),
(NULL,1, '茅部郡'),
(NULL,1, '山越郡'),
(NULL,1, '二海郡'),
(NULL,1, '檜山郡'),
(NULL,1, '爾志郡'),
(NULL,1, '久遠郡'),
(NULL,1, '奥尻郡'),
(NULL,1, '瀬棚郡'),
(NULL,1, '島牧郡'),
(NULL,1, '寿都郡'),
(NULL,1, '磯谷郡'),
(NULL,1, '虻田郡'),
(NULL,1, '岩内郡'),
(NULL,1, '古宇郡'),
(NULL,1, '積丹郡'),
(NULL,1, '古平郡'),
(NULL,1, '余市郡'),
(NULL,1, '空知郡'),
(NULL,1, '夕張郡'),
(NULL,1, '樺戸郡'),
(NULL,1, '雨竜郡'),
(NULL,1, '上川郡（石狩国）'),
(NULL,1, '空知郡'),
(NULL,1, '勇払郡'),
(NULL,1, '上川郡（天塩国）'),
(NULL,1, '中川郡（天塩国）'),
(NULL,1, '雨竜郡'),
(NULL,1, '増毛郡'),
(NULL,1, '留萌郡'),
(NULL,1, '苫前郡'),
(NULL,1, '天塩郡'),
(NULL,1, '宗谷郡'),
(NULL,1, '枝幸郡'),
(NULL,1, '天塩郡'),
(NULL,1, '礼文郡'),
(NULL,1, '利尻郡'),
(NULL,1, '網走郡'),
(NULL,1, '斜里郡'),
(NULL,1, '常呂郡'),
(NULL,1, '紋別郡'),
(NULL,1, '虻田郡'),
(NULL,1, '有珠郡'),
(NULL,1, '白老郡'),
(NULL,1, '勇払郡'),
(NULL,1, '沙流郡'),
(NULL,1, '新冠郡'),
(NULL,1, '浦河郡'),
(NULL,1, '様似郡'),
(NULL,1, '幌泉郡'),
(NULL,1, '日高郡'),
(NULL,1, '河東郡'),
(NULL,1, '上川郡（十勝国）'),
(NULL,1, '河西郡'),
(NULL,1, '広尾郡'),
(NULL,1, '中川郡（十勝国）'),
(NULL,1, '足寄郡'),
(NULL,1, '十勝郡'),
(NULL,1, '釧路郡'),
(NULL,1, '厚岸郡'),
(NULL,1, '川上郡'),
(NULL,1, '阿寒郡'),
(NULL,1, '白糠郡'),
(NULL,1, '野付郡'),
(NULL,1, '標津郡'),
(NULL,1, '目梨郡'),
(NULL,1, '色丹郡'),
(NULL,1, '国後郡'),
(NULL,1, '択捉郡'),
(NULL,1, '紗那郡'),
(NULL,1, '蘂取郡'),
(NULL,2, '青森市'),
(NULL,2, '弘前市'),
(NULL,2, '八戸市'),
(NULL,2, '黒石市'),
(NULL,2, '五所川原市'),
(NULL,2, '十和田市'),
(NULL,2, '三沢市'),
(NULL,2, 'むつ市'),
(NULL,2, 'つがる市'),
(NULL,2, '平川市'),
(NULL,2, '東津軽郡'),
(NULL,2, '西津軽郡'),
(NULL,2, '中津軽郡'),
(NULL,2, '南津軽郡'),
(NULL,2, '北津軽郡'),
(NULL,2, '上北郡'),
(NULL,2, '下北郡'),
(NULL,2, '三戸郡'),
(NULL,3, '盛岡市'),
(NULL,3, '宮古市'),
(NULL,3, '大船渡市'),
(NULL,3, '花巻市'),
(NULL,3, '北上市'),
(NULL,3, '久慈市'),
(NULL,3, '遠野市'),
(NULL,3, '一関市'),
(NULL,3, '陸前高田市'),
(NULL,3, '釜石市'),
(NULL,3, '二戸市'),
(NULL,3, '八幡平市'),
(NULL,3, '奥州市'),
(NULL,3, '岩手郡'),
(NULL,3, '紫波郡'),
(NULL,3, '和賀郡'),
(NULL,3, '胆沢郡'),
(NULL,3, '西磐井郡'),
(NULL,3, '気仙郡'),
(NULL,3, '上閉伊郡'),
(NULL,3, '下閉伊郡'),
(NULL,3, '九戸郡'),
(NULL,3, '二戸郡'),
(NULL,4, '仙台市'),
(NULL,4, '石巻市'),
(NULL,4, '塩竃市'),
(NULL,4, '気仙沼市'),
(NULL,4, '白石市'),
(NULL,4, '名取市'),
(NULL,4, '角田市'),
(NULL,4, '多賀城市'),
(NULL,4, '岩沼市'),
(NULL,4, '登米市'),
(NULL,4, '栗原市'),
(NULL,4, '東松島市'),
(NULL,4, '大崎市'),
(NULL,4, '刈田郡'),
(NULL,4, '柴田郡'),
(NULL,4, '伊具郡'),
(NULL,4, '亘理郡'),
(NULL,4, '宮城郡'),
(NULL,4, '黒川郡'),
(NULL,4, '加美郡'),
(NULL,4, '遠田郡'),
(NULL,4, '牡鹿郡'),
(NULL,4, '本吉郡'),
(NULL,5, '秋田市'),
(NULL,5, '能代市'),
(NULL,5, '横手市'),
(NULL,5, '大館市'),
(NULL,5, '男鹿市'),
(NULL,5, '湯沢市'),
(NULL,5, '鹿角市'),
(NULL,5, '由利本荘市'),
(NULL,5, '潟上市'),
(NULL,5, '大仙市'),
(NULL,5, '北秋田市'),
(NULL,5, 'にかほ市'),
(NULL,5, '仙北市'),
(NULL,5, '鹿角郡'),
(NULL,5, '北秋田郡'),
(NULL,5, '山本郡'),
(NULL,5, '南秋田郡'),
(NULL,5, '仙北郡'),
(NULL,5, '雄勝郡'),
(NULL,6, '山形市'),
(NULL,6, '米沢市'),
(NULL,6, '鶴岡市'),
(NULL,6, '酒田市'),
(NULL,6, '新庄市'),
(NULL,6, '寒河江市'),
(NULL,6, '上山市'),
(NULL,6, '村山市'),
(NULL,6, '長井市'),
(NULL,6, '天童市'),
(NULL,6, '東根市'),
(NULL,6, '尾花沢市'),
(NULL,6, '南陽市'),
(NULL,6, '東村山郡'),
(NULL,6, '西村山郡'),
(NULL,6, '北村山郡'),
(NULL,6, '最上郡'),
(NULL,6, '東置賜郡'),
(NULL,6, '西置賜郡'),
(NULL,6, '東田川郡'),
(NULL,6, '飽海郡'),
(NULL,7, '福島市'),
(NULL,7, '会津若松市'),
(NULL,7, '郡山市'),
(NULL,7, 'いわき市'),
(NULL,7, '白河市'),
(NULL,7, '須賀川市'),
(NULL,7, '喜多方市'),
(NULL,7, '相馬市'),
(NULL,7, '二本松市'),
(NULL,7, '田村市'),
(NULL,7, '南相馬市'),
(NULL,7, '伊達市'),
(NULL,7, '本宮市'),
(NULL,7, '伊達郡'),
(NULL,7, '安達郡'),
(NULL,7, '岩瀬郡'),
(NULL,7, '南会津郡'),
(NULL,7, '耶麻郡'),
(NULL,7, '河沼郡'),
(NULL,7, '大沼郡'),
(NULL,7, '西白河郡'),
(NULL,7, '東白川郡'),
(NULL,7, '石川郡'),
(NULL,7, '田村郡'),
(NULL,7, '双葉郡'),
(NULL,7, '相馬郡'),
(NULL,8, '水戸市'),
(NULL,8, '日立市'),
(NULL,8, '土浦市'),
(NULL,8, '古河市'),
(NULL,8, '石岡市'),
(NULL,8, '結城市'),
(NULL,8, '龍ヶ崎市'),
(NULL,8, '下妻市'),
(NULL,8, '常総市'),
(NULL,8, '常陸太田市'),
(NULL,8, '高萩市'),
(NULL,8, '北茨城市'),
(NULL,8, '笠間市'),
(NULL,8, '取手市'),
(NULL,8, '牛久市'),
(NULL,8, 'つくば市'),
(NULL,8, 'ひたちなか市'),
(NULL,8, '鹿嶋市'),
(NULL,8, '潮来市'),
(NULL,8, '守谷市'),
(NULL,8, '常陸大宮市'),
(NULL,8, '那珂市'),
(NULL,8, '筑西市'),
(NULL,8, '坂東市'),
(NULL,8, '稲敷市'),
(NULL,8, 'かすみがうら市'),
(NULL,8, '桜川市'),
(NULL,8, '神栖市'),
(NULL,8, '行方市'),
(NULL,8, '鉾田市'),
(NULL,8, 'つくばみらい市'),
(NULL,8, '小美玉市'),
(NULL,8, '東茨城郡'),
(NULL,8, '那珂郡'),
(NULL,8, '久慈郡'),
(NULL,8, '稲敷郡'),
(NULL,8, '結城郡'),
(NULL,8, '猿島郡'),
(NULL,8, '北相馬郡'),
(NULL,9, '宇都宮市'),
(NULL,9, '足利市'),
(NULL,9, '栃木市'),
(NULL,9, '佐野市'),
(NULL,9, '鹿沼市'),
(NULL,9, '日光市'),
(NULL,9, '小山市'),
(NULL,9, '真岡市'),
(NULL,9, '大田原市'),
(NULL,9, '矢板市'),
(NULL,9, '那須塩原市'),
(NULL,9, 'さくら市'),
(NULL,9, '那須烏山市'),
(NULL,9, '下野市'),
(NULL,9, '河内郡'),
(NULL,9, '芳賀郡'),
(NULL,9, '下都賀郡'),
(NULL,9, '塩谷郡'),
(NULL,9, '那須郡'),
(NULL,10, '前橋市'),
(NULL,10, '高崎市'),
(NULL,10, '桐生市'),
(NULL,10, '伊勢崎市'),
(NULL,10, '太田市'),
(NULL,10, '沼田市'),
(NULL,10, '館林市'),
(NULL,10, '渋川市'),
(NULL,10, '藤岡市'),
(NULL,10, '富岡市'),
(NULL,10, '安中市'),
(NULL,10, 'みどり市'),
(NULL,10, '北群馬郡'),
(NULL,10, '多野郡'),
(NULL,10, '甘楽郡'),
(NULL,10, '吾妻郡'),
(NULL,10, '利根郡'),
(NULL,10, '佐波郡'),
(NULL,10, '邑楽郡'),
(NULL,11, 'さいたま市'),
(NULL,11, '川越市'),
(NULL,11, '熊谷市'),
(NULL,11, '川口市'),
(NULL,11, '行田市'),
(NULL,11, '秩父市'),
(NULL,11, '所沢市'),
(NULL,11, '飯能市'),
(NULL,11, '加須市'),
(NULL,11, '本庄市'),
(NULL,11, '東松山市'),
(NULL,11, '春日部市'),
(NULL,11, '狭山市'),
(NULL,11, '羽生市'),
(NULL,11, '鴻巣市'),
(NULL,11, '深谷市'),
(NULL,11, '上尾市'),
(NULL,11, '草加市'),
(NULL,11, '越谷市'),
(NULL,11, '蕨市'),
(NULL,11, '戸田市'),
(NULL,11, '入間市'),
(NULL,11, '朝霞市'),
(NULL,11, '志木市'),
(NULL,11, '和光市'),
(NULL,11, '新座市'),
(NULL,11, '桶川市'),
(NULL,11, '久喜市'),
(NULL,11, '北本市'),
(NULL,11, '八潮市'),
(NULL,11, '富士見市'),
(NULL,11, '三郷市'),
(NULL,11, '蓮田市'),
(NULL,11, '坂戸市'),
(NULL,11, '幸手市'),
(NULL,11, '鶴ヶ島市'),
(NULL,11, '日高市'),
(NULL,11, '吉川市'),
(NULL,11, 'ふじみ野市'),
(NULL,11, '白岡市'),
(NULL,11, '北足立郡'),
(NULL,11, '入間郡'),
(NULL,11, '比企郡'),
(NULL,11, '秩父郡'),
(NULL,11, '児玉郡'),
(NULL,11, '大里郡'),
(NULL,11, '南埼玉郡'),
(NULL,11, '北葛飾郡'),
(NULL,12, '千葉市'),
(NULL,12, '銚子市'),
(NULL,12, '市川市'),
(NULL,12, '船橋市'),
(NULL,12, '館山市'),
(NULL,12, '木更津市'),
(NULL,12, '松戸市'),
(NULL,12, '野田市'),
(NULL,12, '茂原市'),
(NULL,12, '成田市'),
(NULL,12, '佐倉市'),
(NULL,12, '東金市'),
(NULL,12, '旭市'),
(NULL,12, '習志野市'),
(NULL,12, '柏市'),
(NULL,12, '勝浦市'),
(NULL,12, '市原市'),
(NULL,12, '流山市'),
(NULL,12, '八千代市'),
(NULL,12, '我孫子市'),
(NULL,12, '鴨川市'),
(NULL,12, '鎌ヶ谷市'),
(NULL,12, '君津市'),
(NULL,12, '富津市'),
(NULL,12, '浦安市'),
(NULL,12, '四街道市'),
(NULL,12, '袖ヶ浦市'),
(NULL,12, '八街市'),
(NULL,12, '印西市'),
(NULL,12, '白井市'),
(NULL,12, '富里市'),
(NULL,12, '南房総市'),
(NULL,12, '匝瑳市'),
(NULL,12, '香取市'),
(NULL,12, '山武市'),
(NULL,12, 'いすみ市'),
(NULL,12, '印旛郡'),
(NULL,12, '香取郡'),
(NULL,12, '山武郡'),
(NULL,12, '長生郡'),
(NULL,12, '夷隅郡'),
(NULL,12, '安房郡'),
(NULL,13, '千代田区'),
(NULL,13, '中央区'),
(NULL,13, '港区'),
(NULL,13, '新宿区'),
(NULL,13, '文京区'),
(NULL,13, '台東区'),
(NULL,13, '墨田区'),
(NULL,13, '江東区'),
(NULL,13, '品川区'),
(NULL,13, '目黒区'),
(NULL,13, '大田区'),
(NULL,13, '世田谷区'),
(NULL,13, '渋谷区'),
(NULL,13, '中野区'),
(NULL,13, '杉並区'),
(NULL,13, '豊島区'),
(NULL,13, '北区'),
(NULL,13, '荒川区'),
(NULL,13, '板橋区'),
(NULL,13, '練馬区'),
(NULL,13, '足立区'),
(NULL,13, '葛飾区'),
(NULL,13, '江戸川区'),
(NULL,13, '八王子市'),
(NULL,13, '立川市'),
(NULL,13, '武蔵野市'),
(NULL,13, '三鷹市'),
(NULL,13, '青梅市'),
(NULL,13, '府中市'),
(NULL,13, '昭島市'),
(NULL,13, '調布市'),
(NULL,13, '町田市'),
(NULL,13, '小金井市'),
(NULL,13, '小平市'),
(NULL,13, '日野市'),
(NULL,13, '東村山市'),
(NULL,13, '国分寺市'),
(NULL,13, '国立市'),
(NULL,13, '福生市'),
(NULL,13, '狛江市'),
(NULL,13, '東大和市'),
(NULL,13, '清瀬市'),
(NULL,13, '東久留米市'),
(NULL,13, '武蔵村山市'),
(NULL,13, '多摩市'),
(NULL,13, '稲城市'),
(NULL,13, '羽村市'),
(NULL,13, 'あきる野市'),
(NULL,13, '西東京市'),
(NULL,13, '西多摩郡'),
(NULL,14, '横浜市'),
(NULL,14, '川崎市'),
(NULL,14, '相模原市'),
(NULL,14, '横須賀市'),
(NULL,14, '平塚市'),
(NULL,14, '鎌倉市'),
(NULL,14, '藤沢市'),
(NULL,14, '小田原市'),
(NULL,14, '茅ヶ崎市'),
(NULL,14, '逗子市'),
(NULL,14, '三浦市'),
(NULL,14, '秦野市'),
(NULL,14, '厚木市'),
(NULL,14, '大和市'),
(NULL,14, '伊勢原市'),
(NULL,14, '海老名市'),
(NULL,14, '座間市'),
(NULL,14, '南足柄市'),
(NULL,14, '綾瀬市'),
(NULL,14, '三浦郡'),
(NULL,14, '高座郡'),
(NULL,14, '中郡'),
(NULL,14, '足柄上郡'),
(NULL,14, '足柄下郡'),
(NULL,14, '愛甲郡'),
(NULL,15, '新潟市'),
(NULL,15, '長岡市'),
(NULL,15, '三条市'),
(NULL,15, '柏崎市'),
(NULL,15, '新発田市'),
(NULL,15, '小千谷市'),
(NULL,15, '加茂市'),
(NULL,15, '十日町市'),
(NULL,15, '見附市'),
(NULL,15, '村上市'),
(NULL,15, '燕市'),
(NULL,15, '糸魚川市'),
(NULL,15, '妙高市'),
(NULL,15, '五泉市'),
(NULL,15, '上越市'),
(NULL,15, '阿賀野市'),
(NULL,15, '佐渡市'),
(NULL,15, '魚沼市'),
(NULL,15, '南魚沼市'),
(NULL,15, '胎内市'),
(NULL,15, '北蒲原郡'),
(NULL,15, '西蒲原郡'),
(NULL,15, '南蒲原郡'),
(NULL,15, '東蒲原郡'),
(NULL,15, '三島郡'),
(NULL,15, '南魚沼郡'),
(NULL,15, '中魚沼郡'),
(NULL,15, '刈羽郡'),
(NULL,15, '岩船郡'),
(NULL,16, '富山市'),
(NULL,16, '高岡市'),
(NULL,16, '魚津市'),
(NULL,16, '氷見市'),
(NULL,16, '滑川市'),
(NULL,16, '黒部市'),
(NULL,16, '砺波市'),
(NULL,16, '小矢部市'),
(NULL,16, '南砺市'),
(NULL,16, '射水市'),
(NULL,16, '中新川郡'),
(NULL,16, '下新川郡'),
(NULL,17, '金沢市'),
(NULL,17, '七尾市'),
(NULL,17, '小松市'),
(NULL,17, '輪島市'),
(NULL,17, '珠洲市'),
(NULL,17, '加賀市'),
(NULL,17, '羽咋市'),
(NULL,17, 'かほく市'),
(NULL,17, '白山市'),
(NULL,17, '能美市'),
(NULL,17, '野々市市'),
(NULL,17, '能美郡'),
(NULL,17, '河北郡'),
(NULL,17, '羽咋郡'),
(NULL,17, '鹿島郡'),
(NULL,17, '鳳珠郡'),
(NULL,18, '福井市'),
(NULL,18, '敦賀市'),
(NULL,18, '小浜市'),
(NULL,18, '大野市'),
(NULL,18, '勝山市'),
(NULL,18, '鯖江市'),
(NULL,18, 'あわら市'),
(NULL,18, '越前市'),
(NULL,18, '坂井市'),
(NULL,18, '吉田郡'),
(NULL,18, '今立郡'),
(NULL,18, '南条郡'),
(NULL,18, '丹生郡'),
(NULL,18, '三方郡'),
(NULL,18, '大飯郡'),
(NULL,18, '三方上中郡'),
(NULL,19, '甲府市'),
(NULL,19, '富士吉田市'),
(NULL,19, '都留市'),
(NULL,19, '山梨市'),
(NULL,19, '大月市'),
(NULL,19, '韮崎市'),
(NULL,19, '南アルプス市'),
(NULL,19, '北杜市'),
(NULL,19, '甲斐市'),
(NULL,19, '笛吹市'),
(NULL,19, '上野原市'),
(NULL,19, '甲州市'),
(NULL,19, '中央市'),
(NULL,19, '西八代郡'),
(NULL,19, '南巨摩郡'),
(NULL,19, '中巨摩郡'),
(NULL,19, '南都留郡'),
(NULL,19, '北都留郡'),
(NULL,20, '長野市'),
(NULL,20, '松本市'),
(NULL,20, '上田市'),
(NULL,20, '岡谷市'),
(NULL,20, '飯田市'),
(NULL,20, '諏訪市'),
(NULL,20, '須坂市'),
(NULL,20, '小諸市'),
(NULL,20, '伊那市'),
(NULL,20, '駒ヶ根市'),
(NULL,20, '中野市'),
(NULL,20, '大町市'),
(NULL,20, '飯山市'),
(NULL,20, '茅野市'),
(NULL,20, '塩尻市'),
(NULL,20, '佐久市'),
(NULL,20, '千曲市'),
(NULL,20, '東御市'),
(NULL,20, '安曇野市'),
(NULL,20, '南佐久郡'),
(NULL,20, '北佐久郡'),
(NULL,20, '小県郡'),
(NULL,20, '諏訪郡'),
(NULL,20, '上伊那郡'),
(NULL,20, '下伊那郡'),
(NULL,20, '木曽郡'),
(NULL,20, '東筑摩郡'),
(NULL,20, '北安曇郡'),
(NULL,20, '埴科郡'),
(NULL,20, '上高井郡'),
(NULL,20, '下高井郡'),
(NULL,20, '上水内郡'),
(NULL,20, '下水内郡'),
(NULL,21, '岐阜市'),
(NULL,21, '大垣市'),
(NULL,21, '高山市'),
(NULL,21, '多治見市'),
(NULL,21, '関市'),
(NULL,21, '中津川市'),
(NULL,21, '美濃市'),
(NULL,21, '瑞浪市'),
(NULL,21, '羽島市'),
(NULL,21, '恵那市'),
(NULL,21, '美濃加茂市'),
(NULL,21, '土岐市'),
(NULL,21, '各務原市'),
(NULL,21, '可児市'),
(NULL,21, '山県市'),
(NULL,21, '瑞穂市'),
(NULL,21, '飛騨市'),
(NULL,21, '本巣市'),
(NULL,21, '郡上市'),
(NULL,21, '下呂市'),
(NULL,21, '海津市'),
(NULL,21, '羽島郡'),
(NULL,21, '養老郡'),
(NULL,21, '不破郡'),
(NULL,21, '安八郡'),
(NULL,21, '揖斐郡'),
(NULL,21, '本巣郡'),
(NULL,21, '加茂郡'),
(NULL,21, '可児郡'),
(NULL,21, '大野郡'),
(NULL,22, '静岡市'),
(NULL,22, '浜松市'),
(NULL,22, '沼津市'),
(NULL,22, '熱海市'),
(NULL,22, '三島市'),
(NULL,22, '富士宮市'),
(NULL,22, '伊東市'),
(NULL,22, '島田市'),
(NULL,22, '富士市'),
(NULL,22, '磐田市'),
(NULL,22, '焼津市'),
(NULL,22, '掛川市'),
(NULL,22, '藤枝市'),
(NULL,22, '御殿場市'),
(NULL,22, '袋井市'),
(NULL,22, '下田市'),
(NULL,22, '裾野市'),
(NULL,22, '湖西市'),
(NULL,22, '伊豆市'),
(NULL,22, '御前崎市'),
(NULL,22, '菊川市'),
(NULL,22, '伊豆の国市'),
(NULL,22, '牧之原市'),
(NULL,22, '賀茂郡'),
(NULL,22, '田方郡'),
(NULL,22, '駿東郡'),
(NULL,22, '榛原郡'),
(NULL,22, '周智郡'),
(NULL,23, '名古屋市'),
(NULL,23, '豊橋市'),
(NULL,23, '岡崎市'),
(NULL,23, '一宮市'),
(NULL,23, '瀬戸市'),
(NULL,23, '半田市'),
(NULL,23, '春日井市'),
(NULL,23, '豊川市'),
(NULL,23, '津島市'),
(NULL,23, '碧南市'),
(NULL,23, '刈谷市'),
(NULL,23, '豊田市'),
(NULL,23, '安城市'),
(NULL,23, '西尾市'),
(NULL,23, '蒲郡市'),
(NULL,23, '犬山市'),
(NULL,23, '常滑市'),
(NULL,23, '江南市'),
(NULL,23, '小牧市'),
(NULL,23, '稲沢市'),
(NULL,23, '新城市'),
(NULL,23, '東海市'),
(NULL,23, '大府市'),
(NULL,23, '知多市'),
(NULL,23, '知立市'),
(NULL,23, '尾張旭市'),
(NULL,23, '高浜市'),
(NULL,23, '岩倉市'),
(NULL,23, '豊明市'),
(NULL,23, '日進市'),
(NULL,23, '田原市'),
(NULL,23, '愛西市'),
(NULL,23, '清須市'),
(NULL,23, '北名古屋市'),
(NULL,23, '弥富市'),
(NULL,23, 'みよし市'),
(NULL,23, 'あま市'),
(NULL,23, '長久手市'),
(NULL,23, '愛知郡'),
(NULL,23, '西春日井郡'),
(NULL,23, '丹羽郡'),
(NULL,23, '海部郡'),
(NULL,23, '知多郡'),
(NULL,23, '額田郡'),
(NULL,23, '北設楽郡'),
(NULL,24, '津市'),
(NULL,24, '四日市市'),
(NULL,24, '伊勢市'),
(NULL,24, '松阪市'),
(NULL,24, '桑名市'),
(NULL,24, '鈴鹿市'),
(NULL,24, '名張市'),
(NULL,24, '尾鷲市'),
(NULL,24, '亀山市'),
(NULL,24, '鳥羽市'),
(NULL,24, '熊野市'),
(NULL,24, 'いなべ市'),
(NULL,24, '志摩市'),
(NULL,24, '伊賀市'),
(NULL,24, '桑名郡'),
(NULL,24, '員弁郡'),
(NULL,24, '三重郡'),
(NULL,24, '多気郡'),
(NULL,24, '度会郡'),
(NULL,24, '北牟婁郡'),
(NULL,24, '南牟婁郡'),
(NULL,25, '大津市'),
(NULL,25, '彦根市'),
(NULL,25, '長浜市'),
(NULL,25, '近江八幡市'),
(NULL,25, '草津市'),
(NULL,25, '守山市'),
(NULL,25, '栗東市'),
(NULL,25, '甲賀市'),
(NULL,25, '野洲市'),
(NULL,25, '湖南市'),
(NULL,25, '高島市'),
(NULL,25, '東近江市'),
(NULL,25, '米原市'),
(NULL,25, '蒲生郡'),
(NULL,25, '愛知郡'),
(NULL,25, '犬上郡'),
(NULL,26, '京都市'),
(NULL,26, '福知山市'),
(NULL,26, '舞鶴市'),
(NULL,26, '綾部市'),
(NULL,26, '宇治市'),
(NULL,26, '宮津市'),
(NULL,26, '亀岡市'),
(NULL,26, '城陽市'),
(NULL,26, '向日市'),
(NULL,26, '長岡京市'),
(NULL,26, '八幡市'),
(NULL,26, '京田辺市'),
(NULL,26, '京丹後市'),
(NULL,26, '南丹市'),
(NULL,26, '木津川市'),
(NULL,26, '乙訓郡'),
(NULL,26, '久世郡'),
(NULL,26, '綴喜郡'),
(NULL,26, '相楽郡'),
(NULL,26, '船井郡'),
(NULL,26, '与謝郡'),
(NULL,27, '大阪市'),
(NULL,27, '堺市'),
(NULL,27, '岸和田市'),
(NULL,27, '豊中市'),
(NULL,27, '池田市'),
(NULL,27, '吹田市'),
(NULL,27, '泉大津市'),
(NULL,27, '高槻市'),
(NULL,27, '貝塚市'),
(NULL,27, '守口市'),
(NULL,27, '枚方市'),
(NULL,27, '茨木市'),
(NULL,27, '八尾市'),
(NULL,27, '泉佐野市'),
(NULL,27, '富田林市'),
(NULL,27, '寝屋川市'),
(NULL,27, '河内長野市'),
(NULL,27, '松原市'),
(NULL,27, '大東市'),
(NULL,27, '和泉市'),
(NULL,27, '箕面市'),
(NULL,27, '柏原市'),
(NULL,27, '羽曳野市'),
(NULL,27, '門真市'),
(NULL,27, '摂津市'),
(NULL,27, '高石市'),
(NULL,27, '藤井寺市'),
(NULL,27, '東大阪市'),
(NULL,27, '泉南市'),
(NULL,27, '四條畷市'),
(NULL,27, '交野市'),
(NULL,27, '大阪狭山市'),
(NULL,27, '阪南市'),
(NULL,27, '三島郡'),
(NULL,27, '豊能郡'),
(NULL,27, '泉北郡'),
(NULL,27, '泉南郡'),
(NULL,27, '南河内郡'),
(NULL,28, '神戸市'),
(NULL,28, '姫路市'),
(NULL,28, '尼崎市'),
(NULL,28, '明石市'),
(NULL,28, '西宮市'),
(NULL,28, '洲本市'),
(NULL,28, '芦屋市'),
(NULL,28, '伊丹市'),
(NULL,28, '相生市'),
(NULL,28, '豊岡市'),
(NULL,28, '加古川市'),
(NULL,28, '赤穂市'),
(NULL,28, '西脇市'),
(NULL,28, '宝塚市'),
(NULL,28, '三木市'),
(NULL,28, '高砂市'),
(NULL,28, '川西市'),
(NULL,28, '小野市'),
(NULL,28, '三田市'),
(NULL,28, '加西市'),
(NULL,28, '篠山市'),
(NULL,28, '養父市'),
(NULL,28, '丹波市'),
(NULL,28, '南あわじ市'),
(NULL,28, '朝来市'),
(NULL,28, '淡路市'),
(NULL,28, '宍粟市'),
(NULL,28, '加東市'),
(NULL,28, 'たつの市'),
(NULL,28, '川辺郡'),
(NULL,28, '多可郡'),
(NULL,28, '加古郡'),
(NULL,28, '神崎郡'),
(NULL,28, '揖保郡'),
(NULL,28, '赤穂郡'),
(NULL,28, '佐用郡'),
(NULL,28, '美方郡'),
(NULL,29, '奈良市'),
(NULL,29, '大和高田市'),
(NULL,29, '大和郡山市'),
(NULL,29, '天理市'),
(NULL,29, '橿原市'),
(NULL,29, '桜井市'),
(NULL,29, '五條市'),
(NULL,29, '御所市'),
(NULL,29, '生駒市'),
(NULL,29, '香芝市'),
(NULL,29, '葛城市'),
(NULL,29, '宇陀市'),
(NULL,29, '山辺郡'),
(NULL,29, '生駒郡'),
(NULL,29, '磯城郡'),
(NULL,29, '宇陀郡'),
(NULL,29, '高市郡'),
(NULL,29, '北葛城郡'),
(NULL,29, '吉野郡'),
(NULL,30, '和歌山市'),
(NULL,30, '海南市'),
(NULL,30, '橋本市'),
(NULL,30, '有田市'),
(NULL,30, '御坊市'),
(NULL,30, '田辺市'),
(NULL,30, '新宮市'),
(NULL,30, '紀の川市'),
(NULL,30, '岩出市'),
(NULL,30, '海草郡'),
(NULL,30, '伊都郡'),
(NULL,30, '有田郡'),
(NULL,30, '日高郡'),
(NULL,30, '西牟婁郡'),
(NULL,30, '東牟婁郡'),
(NULL,31, '鳥取市'),
(NULL,31, '米子市'),
(NULL,31, '倉吉市'),
(NULL,31, '境港市'),
(NULL,31, '岩美郡'),
(NULL,31, '八頭郡'),
(NULL,31, '東伯郡'),
(NULL,31, '西伯郡'),
(NULL,31, '日野郡'),
(NULL,32, '松江市'),
(NULL,32, '浜田市'),
(NULL,32, '出雲市'),
(NULL,32, '益田市'),
(NULL,32, '大田市'),
(NULL,32, '安来市'),
(NULL,32, '江津市'),
(NULL,32, '雲南市'),
(NULL,32, '仁多郡'),
(NULL,32, '飯石郡'),
(NULL,32, '邑智郡'),
(NULL,32, '鹿足郡'),
(NULL,32, '隠岐郡'),
(NULL,33, '岡山市'),
(NULL,33, '倉敷市'),
(NULL,33, '津山市'),
(NULL,33, '玉野市'),
(NULL,33, '笠岡市'),
(NULL,33, '井原市'),
(NULL,33, '総社市'),
(NULL,33, '高梁市'),
(NULL,33, '新見市'),
(NULL,33, '備前市'),
(NULL,33, '瀬戸内市'),
(NULL,33, '赤磐市'),
(NULL,33, '真庭市'),
(NULL,33, '美作市'),
(NULL,33, '浅口市'),
(NULL,33, '和気郡'),
(NULL,33, '都窪郡'),
(NULL,33, '浅口郡'),
(NULL,33, '小田郡'),
(NULL,33, '真庭郡'),
(NULL,33, '苫田郡'),
(NULL,33, '勝田郡'),
(NULL,33, '英田郡'),
(NULL,33, '久米郡'),
(NULL,33, '加賀郡'),
(NULL,34, '広島市'),
(NULL,34, '呉市'),
(NULL,34, '竹原市'),
(NULL,34, '三原市'),
(NULL,34, '尾道市'),
(NULL,34, '福山市'),
(NULL,34, '府中市'),
(NULL,34, '三次市'),
(NULL,34, '庄原市'),
(NULL,34, '大竹市'),
(NULL,34, '東広島市'),
(NULL,34, '廿日市市'),
(NULL,34, '安芸高田市'),
(NULL,34, '江田島市'),
(NULL,34, '安芸郡'),
(NULL,34, '山県郡'),
(NULL,34, '豊田郡'),
(NULL,34, '世羅郡'),
(NULL,34, '神石郡'),
(NULL,35, '下関市'),
(NULL,35, '宇部市'),
(NULL,35, '山口市'),
(NULL,35, '萩市'),
(NULL,35, '防府市'),
(NULL,35, '下松市'),
(NULL,35, '岩国市'),
(NULL,35, '光市'),
(NULL,35, '長門市'),
(NULL,35, '柳井市'),
(NULL,35, '美祢市'),
(NULL,35, '周南市'),
(NULL,35, '山陽小野田市'),
(NULL,35, '大島郡'),
(NULL,35, '玖珂郡'),
(NULL,35, '熊毛郡'),
(NULL,35, '阿武郡'),
(NULL,36, '徳島市'),
(NULL,36, '鳴門市'),
(NULL,36, '小松島市'),
(NULL,36, '阿南市'),
(NULL,36, '吉野川市'),
(NULL,36, '阿波市'),
(NULL,36, '美馬市'),
(NULL,36, '三好市'),
(NULL,36, '勝浦郡'),
(NULL,36, '名東郡'),
(NULL,36, '名西郡'),
(NULL,36, '那賀郡'),
(NULL,36, '海部郡'),
(NULL,36, '板野郡'),
(NULL,36, '美馬郡'),
(NULL,36, '三好郡'),
(NULL,37, '高松市'),
(NULL,37, '丸亀市'),
(NULL,37, '坂出市'),
(NULL,37, '善通寺市'),
(NULL,37, '観音寺市'),
(NULL,37, 'さぬき市'),
(NULL,37, '東かがわ市'),
(NULL,37, '三豊市'),
(NULL,37, '小豆郡'),
(NULL,37, '木田郡'),
(NULL,37, '香川郡'),
(NULL,37, '綾歌郡'),
(NULL,37, '仲多度郡'),
(NULL,38, '松山市'),
(NULL,38, '今治市'),
(NULL,38, '宇和島市'),
(NULL,38, '八幡浜市'),
(NULL,38, '新居浜市'),
(NULL,38, '西条市'),
(NULL,38, '大洲市'),
(NULL,38, '伊予市'),
(NULL,38, '四国中央市'),
(NULL,38, '西予市'),
(NULL,38, '東温市'),
(NULL,38, '越智郡'),
(NULL,38, '上浮穴郡'),
(NULL,38, '伊予郡'),
(NULL,38, '喜多郡'),
(NULL,38, '西宇和郡'),
(NULL,38, '北宇和郡'),
(NULL,38, '南宇和郡'),
(NULL,39, '高知市'),
(NULL,39, '室戸市'),
(NULL,39, '安芸市'),
(NULL,39, '南国市'),
(NULL,39, '土佐市'),
(NULL,39, '須崎市'),
(NULL,39, '宿毛市'),
(NULL,39, '土佐清水市'),
(NULL,39, '四万十市'),
(NULL,39, '香南市'),
(NULL,39, '香美市'),
(NULL,39, '安芸郡'),
(NULL,39, '長岡郡'),
(NULL,39, '土佐郡'),
(NULL,39, '吾川郡'),
(NULL,39, '高岡郡'),
(NULL,39, '幡多郡'),
(NULL,40, '北九州市'),
(NULL,40, '福岡市'),
(NULL,40, '大牟田市'),
(NULL,40, '久留米市'),
(NULL,40, '直方市'),
(NULL,40, '飯塚市'),
(NULL,40, '田川市'),
(NULL,40, '柳川市'),
(NULL,40, '八女市'),
(NULL,40, '筑後市'),
(NULL,40, '大川市'),
(NULL,40, '行橋市'),
(NULL,40, '豊前市'),
(NULL,40, '中間市'),
(NULL,40, '小郡市'),
(NULL,40, '筑紫野市'),
(NULL,40, '春日市'),
(NULL,40, '大野城市'),
(NULL,40, '宗像市'),
(NULL,40, '太宰府市'),
(NULL,40, '古賀市'),
(NULL,40, '福津市'),
(NULL,40, 'うきは市'),
(NULL,40, '宮若市'),
(NULL,40, '嘉麻市'),
(NULL,40, '朝倉市'),
(NULL,40, 'みやま市'),
(NULL,40, '糸島市'),
(NULL,40, '筑紫郡'),
(NULL,40, '糟屋郡'),
(NULL,40, '遠賀郡'),
(NULL,40, '鞍手郡'),
(NULL,40, '嘉穂郡'),
(NULL,40, '朝倉郡'),
(NULL,40, '三井郡'),
(NULL,40, '三潴郡'),
(NULL,40, '八女郡'),
(NULL,40, '田川郡'),
(NULL,40, '京都郡'),
(NULL,40, '築上郡'),
(NULL,41, '佐賀市'),
(NULL,41, '唐津市'),
(NULL,41, '鳥栖市'),
(NULL,41, '多久市'),
(NULL,41, '伊万里市'),
(NULL,41, '武雄市'),
(NULL,41, '鹿島市'),
(NULL,41, '小城市'),
(NULL,41, '嬉野市'),
(NULL,41, '神埼市'),
(NULL,41, '神埼郡'),
(NULL,41, '三養基郡'),
(NULL,41, '東松浦郡'),
(NULL,41, '西松浦郡'),
(NULL,41, '杵島郡'),
(NULL,41, '藤津郡'),
(NULL,42, '長崎市'),
(NULL,42, '佐世保市'),
(NULL,42, '島原市'),
(NULL,42, '諫早市'),
(NULL,42, '大村市'),
(NULL,42, '平戸市'),
(NULL,42, '松浦市'),
(NULL,42, '対馬市'),
(NULL,42, '壱岐市'),
(NULL,42, '五島市'),
(NULL,42, '西海市'),
(NULL,42, '雲仙市'),
(NULL,42, '南島原市'),
(NULL,42, '西彼杵郡'),
(NULL,42, '東彼杵郡'),
(NULL,42, '北松浦郡'),
(NULL,42, '南松浦郡'),
(NULL,43, '熊本市'),
(NULL,43, '八代市'),
(NULL,43, '人吉市'),
(NULL,43, '荒尾市'),
(NULL,43, '水俣市'),
(NULL,43, '玉名市'),
(NULL,43, '山鹿市'),
(NULL,43, '菊池市'),
(NULL,43, '宇土市'),
(NULL,43, '上天草市'),
(NULL,43, '宇城市'),
(NULL,43, '阿蘇市'),
(NULL,43, '天草市'),
(NULL,43, '合志市'),
(NULL,43, '下益城郡'),
(NULL,43, '玉名郡'),
(NULL,43, '菊池郡'),
(NULL,43, '阿蘇郡'),
(NULL,43, '上益城郡'),
(NULL,43, '八代郡'),
(NULL,43, '葦北郡'),
(NULL,43, '球磨郡'),
(NULL,43, '天草郡'),
(NULL,44, '大分市'),
(NULL,44, '別府市'),
(NULL,44, '中津市'),
(NULL,44, '日田市'),
(NULL,44, '佐伯市'),
(NULL,44, '臼杵市'),
(NULL,44, '津久見市'),
(NULL,44, '竹田市'),
(NULL,44, '豊後高田市'),
(NULL,44, '杵築市'),
(NULL,44, '宇佐市'),
(NULL,44, '豊後大野市'),
(NULL,44, '由布市'),
(NULL,44, '国東市'),
(NULL,44, '東国東郡'),
(NULL,44, '速見郡'),
(NULL,44, '玖珠郡'),
(NULL,45, '宮崎市'),
(NULL,45, '都城市'),
(NULL,45, '延岡市'),
(NULL,45, '日南市'),
(NULL,45, '小林市'),
(NULL,45, '日向市'),
(NULL,45, '串間市'),
(NULL,45, '西都市'),
(NULL,45, 'えびの市'),
(NULL,45, '北諸県郡'),
(NULL,45, '西諸県郡'),
(NULL,45, '東諸県郡'),
(NULL,45, '児湯郡'),
(NULL,45, '東臼杵郡'),
(NULL,45, '西臼杵郡'),
(NULL,46, '鹿児島市'),
(NULL,46, '鹿屋市'),
(NULL,46, '枕崎市'),
(NULL,46, '阿久根市'),
(NULL,46, '出水市'),
(NULL,46, '指宿市'),
(NULL,46, '西之表市'),
(NULL,46, '垂水市'),
(NULL,46, '薩摩川内市'),
(NULL,46, '日置市'),
(NULL,46, '曽於市'),
(NULL,46, '霧島市'),
(NULL,46, 'いちき串木野市'),
(NULL,46, '南さつま市'),
(NULL,46, '志布志市'),
(NULL,46, '奄美市'),
(NULL,46, '南九州市'),
(NULL,46, '伊佐市'),
(NULL,46, '姶良市'),
(NULL,46, '鹿児島郡'),
(NULL,46, '薩摩郡'),
(NULL,46, '出水郡'),
(NULL,46, '姶良郡'),
(NULL,46, '曽於郡'),
(NULL,46, '肝属郡'),
(NULL,46, '熊毛郡'),
(NULL,46, '大島郡'),
(NULL,47, '那覇市'),
(NULL,47, '宜野湾市'),
(NULL,47, '石垣市'),
(NULL,47, '浦添市'),
(NULL,47, '名護市'),
(NULL,47, '糸満市'),
(NULL,47, '沖縄市'),
(NULL,47, '豊見城市'),
(NULL,47, 'うるま市'),
(NULL,47, '宮古島市'),
(NULL,47, '南城市'),
(NULL,47, '国頭郡'),
(NULL,47, '中頭郡'),
(NULL,47, '島尻郡'),
(NULL,47, '宮古郡'),
(NULL,47, '八重山郡');


/* M_POLICY_DATAS sql data*/
INSERT INTO `meets2`.`M_POLICY_DATAS` (`ID`, `POLICY`) VALUES
(1, '第1条<br/>\r\n本サービスの利用にあたっては、本規約に同意したものとみなします。<br/>\r\n<br/>\r\n第2条<br/>\r\n行政当局の指導、ならびに出会い系事業等の規制及び業務の適正化等に関する法律の定めにより、2009年2月1日より18歳以上であることを証明する年齢確認の手続が必要となります。<br/>\r\n以下手続き<br/>\r\n①免許証などの公的証明書をカメラ等で撮影し、その画像をメールに添付し送信して届けるものとします。<br/>\r\n②クレジットカードによる決済認証。<br/>\r\n③提出された書類等は原則返却致しません。また会員様の退会時には身分証のデータ・証明書は弊社で破棄致します。<br/>\r\n<br/>\r\n第3条<br/>\r\n会員は、本サービス利用にあたっての当社より付与されたパスワードその他のID情報（以下「ID」といいます）を、自己の責任において管理し自らこれを使用するものとして故意・過失を問わず、IDが第三者に漏洩したことに起因する不正アクセスによる被害を含めた全てのトラブル、損害に関して当社は一切の責任を負わないものとします。<br/>\r\n尚、当番組の退会を希望する際は、その旨サポートセンターに通知することにより、無条件で退会できるものとします。<br/>\r\n退会に当たりましての手数料等の支払いは発生致しません。<br/>\r\n退会時に所持ポイントが残っている場合の払い戻し等は一切行っておりません。<br/>\r\nまた、退会後の残りポイントは全て消失となり、いかなる場合でも払い戻し等は一切行っておりません。<br/>\r\n<br/>\r\n第4条<br/>\r\n会員が、本サービスにて送信または表示する情報、画像その他のデータ（以下「情報等」といいます）について自らが著作権その他一切の権利を有し、また全ての権利者から本サービスにおける使用につき完全な許諾を得て適法に処理されていることを保証するものとします。<br/>\r\n尚、情報等に関しましては本サービスに登録された時点にてユーザー様の了解を得たものとします。<br/>\r\n会員は、当サイトに対して、会員が本サービスにて送信または表示する情報等を、本サービスに関する広告宣伝を含む本サービスの運営目的に限り、無償で使用する権利（著作権法第27条および第28条に定める権利を含む）を許諾することを予め承諾するものとします。<br/>\r\nなお、会員が自ら不当に著作権人格権を行使せず、また著作者に不当に著作人格権を行使させないものとします。<br/>\r\nこれらの規定は、会員が本サービスを利用する資格を喪失した後もなお、有効に存続するものとします。<br/>\r\n<br/>\r\n第5条<br/>\r\n会員は、次の各号に定める行為をしてはならないものとします。<br/>\r\n・当社もしくは他者の著作権、商標権等の知的財産権を侵害する行為または侵害に結びつく行為。<br/>\r\n・他者の財産、プライバシーまたは肖像権を侵害する行為。<br/>\r\n・他者を差別もしくは誹謗中傷し、または他者の名誉もしくは信用を毀損する行為。<br/>\r\n・犯罪行為または犯罪行為に結びつく恐れのある行為。<br/>\r\n・わいせつ、児童ポルノもしくは児童虐待に相当する画像、文書等を送信もしくは表示する行為、これらを収録した媒体を販売する行為、またはその 送信、表示、販売等を想起させる広告を送信もしくは表示する行為。<br/>\r\n・無限連鎖講（ネズミ講）を開設し、またはこれを勧誘する行為。<br/>\r\n・本サービスによりアクセス可能な当社もしくは他者の情報等を改ざん、消去する行為、または事実に反する情報等を送信または表示する行為。<br/>\r\n・他者になりすまして本サービスを利用する行為。<br/>\r\n・コンピュータウイルスなど有害なコンピュータプログラム等を他者が受信可能な状態におく行為。<br/>\r\n・本サービスに接続されている他のコンピュータシステムまたはネットワークに対して、不正なアクセスを試みる行為。<br/>\r\n・選挙の事前運動、選挙運動またはこれらに類似する行為および公職選挙法に抵触する行為。<br/>\r\n・本人の同意を得ることなく、または詐欺的な手段により他者の個人情報を収集する行為。<br/>\r\n・本サービスの運営を妨げるような行為、または本サービスの信用を毀損するような行為。<br/>\r\n・前各号の他、法令、本規約もしくは公序良俗に違反する行為。<br/>\r\n・前各号の他、他の会員その他の第三者または当社に損害を与えるような行為。<br/>\r\n・前各号の他、当社が不適切と判断した行為。<br/>\r\n・当サイトは、会員の送信または表示する情報等が前項各号に該当すると判断した場合、当該会員の承諾を得ることなくかつその理由を説明することなく、当該情報等を削除または他の会員が閲覧できない状態に置くことができるものとします。<br/>\r\n<br/>\r\n第6条<br/>\r\n当サイトは、会員が次のいずれかに該当すると判断した場合、当該会員へ何ら通知、催告することなく、当該会員につき本サービスの利用の一時的停止または利用資格の取消等必要な措置を取ることができるものとします。<br/>\r\n・会員登録の登録事項に虚偽がある場合。<br/>\r\n・前条に定める禁止行為を行った場合。<br/>\r\n・前条の他、本規約の条項のいずれかに違反した場合。<br/>\r\n・前条の他、会員として不適切であると当社が判断した場合。<br/>\r\n<br/>\r\n第7条<br/>\r\n当サイトは、会員の送信または表示する情報等を含め本サービスの一切をそのままの形態で提供するものであり、会員または第三者に対して、本サービスの内容および本サービスを通じて得られる情報等の内容等について、その完全性、正確性、確実性、信頼性および有用性等について、何らの保証も行うものではありません。<br/>\r\n本サービスの提供の遅滞、本サービスを通じて提供される情報等および会員のコンピュータ端末ならびに蓄積されたデータ等の流失、消失または第三者による悪用その他本サービスに関連してその他に発生した会員の損害について、当社は一切の責任を負いません。<br/>\r\n<br/>\r\n第8条<br/>\r\n当サイトは、天災地変等の不可抗力もしくはその他の非常事態が発生し、または発生する恐れがある場合、 本サービスの提供に用いる機器およびシステムならびにソフトウェアの保守を定期的にもしくは緊急に行う必要がある場合、 本サービスの提供のために当社が設置する電気通信設備の障害その他やむを得ない事由が生じたときには、 本サービスの全面または一部を変更、中止または廃止することができるものとします。<br/>\r\n<br/>\r\n第9条<br/>\r\n当サイトが必要と判断した場合には、会員に事前の通知をすることなく、かつ会員の事前の承諾を得ることなく、適宜自己の裁量により本規約を変更することができるものとします。なお、当社が変更後の本規約を本Webサイト上に掲示しその後会員が本サービスを利用した時に、会員が当該変更を承諾したものとみなします。<br/>\r\n<br/>\r\n第10条<br/>\r\n当サイトおよび会員は、両者の間で本規約または本サービスに関連して紛争が生じた場合は、東京地方裁判所を第一審の専属的管轄裁判所とすることに合意するものとします。<br/>\r\n');


/* M_SITE_INFO_DATAS sql data*/
INSERT INTO `meets2`.`M_SITE_INFO_DATAS` (`ID`, `INFORMATION`, `CREATED_AT`, `MODIFIED`) VALUES (NULL, 'サイトが新しくリニューアルしました', now(), now()), (NULL, '新しい機能が追加されました', now(), now()), (NULL, '新しい機能が追加されました', now(), now()), (NULL, 'キャンペーンのお知らせです', now(), now()), (NULL, 'ログイン機能が追加されました', now(), now());

/* M_WEIGHT_DATAS sql data*/
INSERT INTO `meets2`.`M_WEIGHT_DATAS` (`ID`, `NAME`) VALUES(1, 'ぽっちゃり'),(2, 'ややぽっちゃり'),(3, '普通'),(4, 'ややスリム'),(5, 'スリム');

/* M_TEMP_REGSIT_BBS_DATAS sql data*/
INSERT INTO  `meets2`.`M_TEMP_REGSIT_BBS_DATAS` (`ID` ,`NAME` ,`SEX` ,`TITLE` ,`BBS_COMMENT` ,`CREATED_AT` ,`MODIFIED`)VALUES (NULL ,  'テストくん',  '0',  '友達募集',  '友達ほしいので暇な方、メル友になりましょう', now() , now()),(NULL ,  'テストくん',  '0',  '友達募集',  '友達ほしいので暇な方、メル友になりましょう', now() , now()),(NULL ,  'テストくん',  '0',  '友達募集',  '友達ほしいので暇な方、メル友になりましょう', now() , now()),(NULL ,  'テストくん',  '0',  '友達募集',  '友達ほしいので暇な方、メル友になりましょう', now() , now()),(NULL ,  'テストさん',  '1',  '友達募集',  '友達ほしいので暇な方、メル友になりましょう', now() , now()),(NULL ,  'テストさん',  '1',  '友達募集',  '友達ほしいので暇な方、メル友になりましょう', now() , now());

/* M_TEMP_REGIST_IMAGE_DATAS sql data*/
INSERT INTO  `meets2`.`M_TEMP_REGIST_IMAGE_DATAS` (`ID` ,`M_TEMP_REGIST_BBS_DATA_ID` ,`PATH` ,`HIDDEN_FLG` ,`CREATED_AT` ,`MODIFIED`)VALUES (NULL ,  '1',  '/img/pc/test1.jpg',  '0', now() , now()),(NULL ,  '2',  '/img/pc/test2.jpg',  '0', now() , now()),(NULL ,  '3',  '/img/pc/test3.jpg',  '0', now() , now()),(NULL ,  '4',  '/img/pc/test4.jpg',  '0', now() , now()),(NULL ,  '5',  '/img/pc/test5.jpg',  '0', now() , now());

/* M_TYPE_DATAS sql data*/
INSERT INTO  `meets2`.`M_TYPE_DATAS` (`ID` ,`NAME` ,`M_SEX_DATA_ID`)VALUES (NULL ,  '肉食系',  '1'),(NULL ,  '草食系',  '1'),(NULL ,  'カッコイイ系',  1),(NULL ,  'インテリ系',  1),(NULL ,  'ガテン系',  1),(NULL ,  'カワイイ系',  1),(NULL ,  'ダンディー系',  1),(NULL ,  'お兄系',  1),(NULL ,  'ギャル男系',  '1'),(NULL ,  'モデル系',  '1'),(NULL ,  'アキバ系',  '1');
INSERT INTO  `meets2`.`M_TYPE_DATAS` (`ID` ,`NAME` ,`M_SEX_DATA_ID`)VALUES (NULL ,  '可愛い系',  2),(NULL ,  'お姉系',  2),(NULL ,  'ギャル系',  2),(NULL ,  'OL系',  2),(NULL ,  '萌え系',  2),(NULL ,  'マダム系',  2),(NULL ,  'モデル系',  2);

/* T_AUTH_DATAS sql data*/
INSERT INTO  `meets2`.`T_AUTH_DATAS` (`ID` ,`PASSWORD` ,`MAIL_ADDRESS` ,`NAME` ,`TEL_NO` ,`BIRTH_DAY` ,`GUID` ,`VALID_FLG` ,`AGE_CHECK_FLG` ,`TEMP_REGIST_FLG` ,`CREATED_AT` ,`MODIFIED`)VALUES (NULL ,  '0000',  'test@test.jp',  'testくん',  '09011112222',  '20110202',  '1',  '1',  '1',  '1', now() , now())


INSERT INTO  `meets2`.`M_PROFILE_DATAS` (`ID` ,`T_AUTH_DATA_ID` ,`M_SEX_DATA_ID` ,`M_WIDE_AREA_DATA_ID` ,`M_NARROW_AREA_DATA_ID` ,`M_TALL_DATA_ID` ,`N_BLOOD_TYPE_DATA_ID` ,`M_WEIGHT_DATA_ID` ,`M_INCOME_DATA_ID` ,`M_TYPE_DATA_ID` ,`COMMENT` ,`CREATED_AT` ,`MODIFIED`)VALUES (NULL ,  '1',  '1',  '7',  '1',  '1',  '1',  '1',  '1',  '72',  'よろしくお願いします', now() , now());






